,name,era,story,asked,size,distance,mass,mult,si,di,credits,credch,population,change,iq,iqch,pdensity,oxygen,co2,pollute,water,land,temp,biomes,farms,factory,fuel,mine,ai,satellite,dyson
826297975172628511,team-1,1.0,0.0,0.0,3.0,2.0,3.0,1.05,80.85,25.0,4691.0,-308.0,3731.0,2545.0,28.28182138511969,18.28,3.0,30.0,-1.5,-5.0,75.0,40.0,16.5,64.0,0.0,0.0,0.0,0.0,0.0,0.0,0.0
826298004629356565,team-2,1.0,0.0,0.0,3.0,3.0,3.0,1.05,80.85,0.0,5097.0,0.0,2296.0,0.0,21.4296354357936,0.0,3.0,25.0,0.0,0.0,70.0,30.0,14.0,57.0,0.0,0.0,0.0,0.0,0.0,0.0,0.0
