,name,era,story,size,distance,mass,mult,si,di,credits,population,change,iq,pdensity,oxygen,co2,pollute,water,land,temp,biomes,farms,fuel,factory,mine,ai,satellite,dyson
824213067659214889,team-1,1,0,2,2,2,1.0,92.4,0.0,6176.399999999999,44573.0,0.0,16.382209562616026,2,25.0,0.0,0.0,60.0,40.0,17.0,57.0,0.0,0.0,0.0,0.0,0.0,0.0,0
824216319788318750,team-2,1,0,2,2,2,1.0,92.4,0.0,6176.399999999999,71781.0,0.0,16.382209562616026,2,25.0,0.0,0.0,60.0,40.0,17.0,55.0,0.0,0.0,0.0,0.0,0.0,0.0,0
824216348150071326,team-3,1,0,2,3,2,1.0,92.4,0.0,6176.399999999999,61074.0,0.0,16.382209562616026,2,25.0,0.0,0.0,60.0,40.0,14.0,48.0,0.0,0.0,0.0,0.0,0.0,0.0,0
824216403431260170,team-4,1,0,3,1,3,1.05,80.85,0.0,6154.350000000001,47658.0,0.0,16.382209562616026,2,25.0,0.0,0.0,70.0,30.0,11.0,58.0,0.0,0.0,0.0,0.0,0.0,0.0,0
824216421030297600,team-5,1,0,1,3,1,0.95,96.25,0.0,6183.75,49369.0,0.0,16.382209562616026,2,25.0,0.0,0.0,50.0,50.0,14.0,40.0,0.0,0.0,0.0,0.0,0.0,0.0,0
