,name,era,story,asked,size,distance,mass,mult,si,di,credits,credch,population,change,iq,iqch,pdensity,oxygen,co2,pollute,water,land,temp,biomes,farms,factory,fuel,mine,ai,satellite,dyson
824213067659214889,team-1,4.0,4.0,1.0,3.0,1.0,3.0,1.05,80.85,151.3,63354.0,62554.0,5937.0,4937.0,132.06641175979837,0.0,14.0,25.0,0.0,0.0,68.0,30.0,10.0,42.0,1.0,0.0,0.0,0.0,0.0,0.0,0.0
824216319788318750,team-2,4.0,0.0,0.0,3.0,1.0,3.0,1.05,80.85,149.0,68422.0,63422.0,6111.0,4961.0,129.29504016506007,0.0,13.0,25.0,0.0,0.0,70.0,30.0,11.0,46.0,0.0,0.0,0.0,0.0,0.0,0.0,0.0
824216348150071326,team-3,4.0,0.0,0.0,2.0,2.0,2.0,1.0,92.4,149.0,84015.0,79015.0,7613.0,6613.0,129.29504016506007,0.0,13.0,25.0,0.0,0.0,60.0,40.0,17.0,55.0,0.0,0.0,0.0,0.0,0.0,0.0,0.0
824216403431260170,team-4,4.0,0.0,0.0,1.0,1.0,1.0,0.95,96.25,149.0,93006.0,88006.0,8475.0,7375.0,129.29504016506007,0.0,13.0,25.0,0.0,0.0,50.0,50.0,11.0,45.0,0.0,0.0,0.0,0.0,0.0,0.0,0.0
824216421030297600,team-5,3.0,0.0,0.0,3.0,2.0,3.0,1.05,80.85,149.0,5000.0,0.0,1000.0,0.0,1.0,0.0,2.0,25.0,0.0,0.0,70.0,30.0,17.0,46.0,0.0,0.0,0.0,0.0,0.0,0.0,0.0
