id,name,era,story,size,distance,mass,multiplier,si,di,credits,population,iq,pop_density,oxygen,co2,pollutants,water,land,temp,flora,factory,farm,mine,ai,satellite,dyson,agriculture
824213067659214889,team-1,1,0,3,2,3,1.4,80.85,0.0,10000.0,3301.0,10.0,2,25.0,0.0,0.0,49.0,30.0,17.0,83.0,0.0,0.0,0.0,0.0,0.0,0.0,0.0
824216319788318750,team-2,2,0,1,2,1,0.71,96.25,0.16,9915.5595136,6815.0,45.48549064810928,5,28.0,-0.8999999999999999,0.0,53.0,47.0,13.400000000000002,97.0,0.0,0.0,0.0,0.0,0.0,0.0,0.0
824216348150071326,team-3,1,0,1,3,1,0.71,96.25,0.0,10000.0,6447.0,10.0,2,25.0,0.0,0.0,50.0,50.0,14.0,90.0,0.0,0.0,0.0,0.0,0.0,0.0,0.0
824216403431260170,team-4,1,0,2,2,2,1.0,92.4,0.0,10000.0,6128.0,10.0,2,25.0,0.0,0.0,60.0,40.0,17.0,75.0,0.0,0.0,0.0,0.0,0.0,0.0,0.0
824216421030297600,team-5,1,0,3,3,3,1.4,80.85,0.0,10000.0,2831.0,10.0,2,25.0,0.0,0.0,42.0,30.0,14.0,78.0,0.0,0.0,0.0,0.0,0.0,0.0,0.0
779654836681441310,team-6,1,0,2,1,2,1.0,92.4,0.0,10000.0,3982.0,10.0,2,25.0,0.0,0.0,39.0,40.0,11.0,76.0,0.0,0.0,0.0,0.0,0.0,0.0,0.0
