,name,era,story,size,distance,mass,mult,si,di,credits,credch,population,change,iq,iqch,pdensity,oxygen,co2,pollute,water,land,temp,biomes,farms,fuel,factory,mine,ai,satellite,dyson
824213067659214889,team-1,1,0,3,1,3,1.05,80.85,0.0,6000.0,0.0,1000.0,0.0,5.0,0.0,2,25.0,0.0,0.0,70.0,30.0,11.0,48.0,0.0,0.0,0.0,0.0,0.0,0.0,0
824216319788318750,team-2,1,0,1,2,1,0.95,96.25,10.0,2580.0,-3420.0,2062.0,1062.0,18.76,13.76,2,26.0,-0.09999999999999998,-2.0,50.0,54.0,16.8,58.0,0.0,0.0,0.0,0.0,0.0,0.0,0
824216348150071326,team-3,1,0,1,1,1,0.95,96.25,10.0,1630.0,-3420.0,2645.0,1114.0,18.76,13.76,2,25.5,0.15000000000000002,-2.0,49.0,54.0,10.8,47.0,0.0,0.0,0.0,0.0,0.0,0.0,0
824216403431260170,team-4,1,0,2,3,2,1.0,92.4,0.0,6000.0,0.0,1000.0,0.0,5.0,0.0,2,25.0,0.0,0.0,60.0,40.0,14.0,49.0,0.0,0.0,0.0,0.0,0.0,0.0,0
824216421030297600,team-5,1,0,2,3,2,1.0,92.4,0.0,6000.0,0.0,1000.0,0.0,5.0,0.0,2,25.0,0.0,0.0,60.0,40.0,14.0,56.0,0.0,0.0,0.0,0.0,0.0,0.0,0
