,name,era,story,size,distance,mass,mult,si,di,credits,credch,population,change,iq,iqch,pdensity,oxygen,co2,pollute,water,land,temp,biomes,farms,fuel,factory,mine,ai,satellite,dyson
824213067659214889,team-1,5,0,2,1,2,1.0,92.4,282.587712,96893.0,0.0,48898.0,0.0,229.18856716630688,0.0,23,38.9,-2.25,39.0,43.8,20.2,-0.6999999999999984,64.0,10.0,1.0,1.0,2.0,2.0,1.0,0
824216319788318750,team-2,5,1,1,2,1,0.95,96.25,315.29540000000003,50195.0,0.0,114004.0,0.0,236.51142432325372,0.0,24,41.8,-3.099999999999999,43.0,23.6,43.400000000000006,-0.9000000000000011,85.5,18.0,2.0,1.0,2.0,4.0,2.0,0
824216348150071326,team-3,4,0,1,1,1,0.95,96.25,209.784,5914.0,0.0,540.0,0.0,154.18710694877618,0.0,16,56.6,-7.25,63.0,55.1,34.4,-0.5,108.2,8.0,2.0,1.0,3.0,0.0,0.0,0
824216403431260170,team-4,5,1,1,1,1,0.95,96.25,267.17988,62250.0,0.0,2339.0,0.0,212.61012366018514,0.0,22,39.89999999999999,-2.1,81.0,40.89999999999999,33.58550000000001,3.7904999999999984,115.05,7.0,3.0,2.0,3.0,3.0,0.0,0
824216421030297600,team-5,5,1,1,1,1,0.95,96.25,383.3356548000001,109472.0,0.0,314667.0,0.0,242.7642725958766,0.0,25,36.8,-3.65,6.0,41.1,26.4,1.6000000000000043,75.60000000000001,7.0,2.0,3.0,1.0,3.0,2.0,1
