id,name,era,story,size,distance,mass,multiplier,si,di,credits,population,iq,pop_density,oxygen,co2,pollutants,water,land,temp,flora,factory,farm,mine,ai,satellite,dyson,agriculture
824213067659214889,team-1,1,0,2,3,2,1.0,92.4,0.06,9975.709296000005,70144.0,23.97651193978031,3,26.0,-0.3,0.0,61.0,39.0,12.8,80.0,0.0,0.0,0.0,0.0,0.0,0.0,0.0
824216319788318750,team-2,1,0,1,1,1,0.71,96.25,0.15,9787.0,1000.0,10.0,2,28.0,-0.8999999999999999,0.0,53.0,47.0,7.400000000000001,104.0,0.0,0.0,0.0,0.0,0.0,0.0,0.0
824216348150071326,team-3,1,0,3,3,3,1.4,80.85,0.0,10000.0,1000.0,10.0,2,25.0,0.0,0.0,70.0,30.0,14.0,89.0,0.0,0.0,0.0,0.0,0.0,0.0,0.0
824216403431260170,team-4,1,0,1,3,1,0.71,96.25,0.0,10000.0,1000.0,10.0,2,25.0,0.0,0.0,50.0,50.0,14.0,82.0,0.0,0.0,0.0,0.0,0.0,0.0,0.0
824216421030297600,team-5,1,0,3,2,3,1.4,80.85,0.0,10000.0,1000.0,10.0,2,25.0,0.0,0.0,70.0,30.0,17.0,80.0,0.0,0.0,0.0,0.0,0.0,0.0,0.0
779654836681441310,team-6,1,0,3,2,3,1.4,80.85,0.0,10000.0,1000.0,10.0,2,25.0,0.0,0.0,70.0,30.0,17.0,89.0,0.0,0.0,0.0,0.0,0.0,0.0,0.0
