,name,era,story,size,distance,mass,mult,si,di,credits,population,change,iq,pdensity,oxygen,co2,pollute,water,land,temp,biomes,farm,factory,mine,ai,satellite,dyson
824213067659214889,team-1,1,0,1,1,1,0.71,0.0,0.24,237.5,5490.0,0.0,10.0,2,35.0,-2.0,0.0,55.0,45.0,-7.0,66.0,0.0,0.0,0.0,0.0,0.0,0.0
824216319788318750,team-2,1,0,2,2,2,1.0,0.0,0.0,10000.0,5577.0,0.0,10.0,2,25.0,0.0,0.0,60.0,40.0,17.0,45.0,0.0,0.0,0.0,0.0,0.0,0.0
824216348150071326,team-3,1,0,3,1,3,1.4,0.0,0.04,5104.45536,4727.0,0.0,19.410534603442436,2,25.5,0.15000000000000002,0.0,69.0,31.0,8.6,51.0,0.0,0.0,0.0,0.0,0.0,0.0
824216403431260170,team-4,1,0,2,2,2,1.0,0.0,0.02,9750.0,4712.0,0.0,10.0,2,26.0,-0.3,0.0,61.0,39.0,15.8,43.0,0.0,0.0,0.0,0.0,0.0,0.0
824216421030297600,team-5,1,0,2,2,2,1.0,0.0,0.0,10000.0,3965.0,0.0,10.0,2,25.0,0.0,0.0,60.0,40.0,17.0,49.0,0.0,0.0,0.0,0.0,0.0,0.0
