,name,era,story,size,distance,mass,mult,si,di,credits,population,change,iq,pdensity,oxygen,co2,pollute,water,land,temp,biomes,farms,fuel,factory,mine,ai,satellite,dyson
824213067659214889,team-1,2,0,3,3,3,1.05,80.85,0.0,6066.15,2090.0,0.0,40.382209562616026,5,25.0,0.0,0.0,70.0,30.0,14.0,56.0,0.0,0.0,0.0,0.0,0.0,0.0,0
824216319788318750,team-2,2,0,2,2,2,1.0,92.4,37.0,1040.350464,2642.0,0.0,47.205963205098456,5,31.5,-1.85,0.0,64.0,36.0,15.3,51.0,1.0,0.0,0.0,0.0,0.0,0.0,0
824216348150071326,team-3,2,0,2,1,2,1.0,92.4,0.0,6075.6,2338.0,0.0,40.382209562616026,5,25.0,0.0,0.0,60.0,40.0,11.0,50.0,0.0,0.0,0.0,0.0,0.0,0.0,0
824216403431260170,team-4,2,0,3,2,3,1.05,80.85,42.0,1026.1499999999996,2199.0,0.0,40.382209562616026,5,25.0,0.0,0.0,58.0,42.0,11.0,50.6,6.0,0.0,0.0,0.0,0.0,0.0,0
824216421030297600,team-5,2,0,1,2,1,0.95,96.25,7.0,5318.75,2483.0,0.0,40.382209562616026,5,25.0,0.0,0.0,48.0,52.0,16.0,57.0,1.0,0.0,0.0,0.0,0.0,0.0,0
