,name,era,story,size,distance,mass,mult,si,di,credits,credch,population,change,iq,iqch,pdensity,oxygen,co2,pollute,water,land,temp,biomes,farms,fuel,factory,mine,ai,satellite,dyson
824213067659214889,team-1,1,0,1,3,1,0.95,96.25,70.0,930.0,0.0,42818.0,0.0,45.32,0.0,4,38.0,-3.6999999999999997,0.0,62.0,36.0,12.600000000000001,65.0,0.0,0.0,0.0,0.0,0.0,0.0,0
824216319788318750,team-2,2,0,1,3,1,0.95,96.25,62.5,3444.0,-3800.0,30940.0,0.0,40.53,4.31,4,40.5,-4.55,0.0,65.0,34.0,12.399999999999999,60.0,0.0,0.0,0.0,0.0,0.0,0.0,0
824216348150071326,team-3,1,0,3,3,3,1.05,80.85,0.0,3202.0,-3150.0,18361.0,3447.0,16.382209562616026,0.0,2,23.5,0.75,0.0,67.0,30.0,14.0,50.0,0.0,0.0,0.0,0.0,0.0,0.0,0
824216403431260170,team-4,1,0,3,2,3,1.05,80.85,20.0,5745.0,0.0,16168.0,0.0,21.593220882403234,0.0,3,28.0,-0.7,0.0,72.0,26.0,16.599999999999998,57.0,0.0,0.0,0.0,0.0,0.0,0.0,0
824216421030297600,team-5,1,0,2,3,2,1.0,92.4,10.0,7744.0,0.0,32496.0,0.0,18.757802215728496,0.0,2,26.5,-0.35,0.0,61.0,38.0,13.8,45.0,0.0,0.0,0.0,0.0,0.0,0.0,0
