,name,era,story,size,distance,mass,mult,si,di,credits,population,change,iq,pdensity,oxygen,co2,pollute,water,land,temp,biomes,farm,factory,mine,ai,satellite,dyson
824213067659214889,team-1,2,0,3,3,3,1.4,80.85,0.23,1401.92468,2072.0,0.0,54.311935399199825,6,36.5,-3.15,0.0,80.0,20.0,12.700000000000001,60.0,0.0,0.0,0.0,0.0,0.0,0.0
824216319788318750,team-2,1,0,3,3,3,1.4,80.85,0.0,10110.25,1725.0,0.0,5.0,1,25.0,0.0,0.0,70.0,30.0,14.0,49.0,0.0,0.0,0.0,0.0,0.0,0.0
824216348150071326,team-3,1,0,1,3,1,0.71,96.25,0.42000000000000004,1125.0,1646.0,0.0,5.0,2,52.5,-7.75,0.0,75.0,25.0,11.0,83.0,0.0,0.0,0.0,0.0,0.0,0.0
824216403431260170,team-4,1,0,1,3,1,0.71,96.25,0.0,10000.0,1000.0,0.0,5.0,2,25.0,0.0,0.0,50.0,50.0,14.0,58.0,0.0,0.0,0.0,0.0,0.0,0.0
824216421030297600,team-5,1,0,2,1,2,1.0,92.4,0.0,10000.0,1000.0,0.0,5.0,2,25.0,0.0,0.0,60.0,40.0,11.0,55.0,0.0,0.0,0.0,0.0,0.0,0.0
