,name,era,story,size,distance,mass,mult,si,di,credits,population,change,iq,pdensity,oxygen,co2,pollute,water,land,temp,biomes,farms,factory,mine,ai,satellite,dyson
824213067659214889,team-1,2,0,2,3,2,1.0,92.4,62.0,1419.0483160000003,90031.0,0.0,36.22603384711948,4,35.0,-2.7999999999999994,0.0,67.0,33.0,11.900000000000002,68.0,1.0,0.0,0.0,0.0,0.0,0.0
824216319788318750,team-2,3,0,2,1,2,1.0,92.4,114.95000000000003,1588.5741440000022,15740.0,0.0,64.93757465717177,7,51.0,-7.8,0.0,86.0,14.0,8.400000000000002,85.38000000000002,0.0,0.0,0.0,0.0,0.0,0.0
824216348150071326,team-3,2,0,3,3,3,1.15,80.85,79.0,394.09547200000134,28952.0,0.0,48.07076465775844,5,39.0,-4.2,0.0,80.0,20.0,10.600000000000001,60.300000000000004,2.0,0.0,0.0,0.0,0.0,0.0
824216403431260170,team-4,3,0,3,2,3,1.15,80.85,90.0,2754.7445280000015,46830.0,0.0,60.55405196023577,7,36.0,-3.3,0.0,71.0,29.0,10.9,62.0,4.0,0.0,0.0,0.0,0.0,0.0
824216421030297600,team-5,2,0,1,3,1,0.95,96.25,67.0,7105.045907999998,67480.0,0.0,39.04425557611707,4,37.0,-3.5999999999999996,0.0,60.0,40.0,11.8,89.17700000000002,1.0,0.0,0.0,0.0,0.0,0.0
