,name,era,story,size,distance,mass,mult,si,di,credits,population,iq,pdensity,oxygen,co2,pollute,water,land,temp,biomes,farm,factory,mine,ai,satellite,dyson
824213067659214889,team-1,1,0,1,1,1,0.71,0.0,0.17,5385.0,2907.0,10.0,2,33.0,-2.0,0.0,56.0,44.0,-1.0,59.0,0.0,0.0,0.0,0.0,0.0,0.0
824216319788318750,team-2,1,0,2,2,2,1.0,0.0,0.0,8000.0,1060.0,10.0,2,24.0,0.5,0.0,58.0,42.0,17.0,58.0,0.0,0.0,0.0,0.0,0.0,0.0
824216348150071326,team-3,1,0,3,3,3,1.4,0.0,0.22000000000000003,2650.0,1060.0,10.0,2,37.0,-3.4,0.0,81.0,19.0,-1.5999999999999996,62.0,0.0,0.0,0.0,0.0,0.0,0.0
824216403431260170,team-4,1,0,3,1,3,1.4,0.0,0.18,3000.0,1060.0,10.0,2,36.0,-3.0999999999999996,0.0,80.0,20.0,-3.3999999999999986,65.0,0.0,0.0,0.0,0.0,0.0,0.0
824216421030297600,team-5,1,0,1,3,1,0.71,0.0,0.31,2900.0,1150.0,10.0,2,42.5,-4.75,0.0,65.0,35.0,-10.0,64.0,0.0,0.0,0.0,0.0,0.0,0.0
